-- 교수 더미데이터
INSERT INTO `교수`
(`professor_id`, `professor_name`, `professor_no`, `professor_address`, `professor_email`, `professor_phone`, `professor_pw`)
VALUES
('P0001', '김민수', '700101-1234567', '서울시 광진구', 'minsu@univ.ac.kr', '010-1111-1111', 'pw1234'),
('P0002', '이서연', '720305-2234567', '서울시 성동구', 'seoyeon@univ.ac.kr', '010-2222-2222', 'pw1234'),
('P0003', '박준호', '750912-1234567', '서울시 동대문구', 'junho@univ.ac.kr', '010-3333-3333', 'pw1234');


-- 학생 더미데이터
INSERT INTO `학생`
(`student_id`, `student_name`, `student_no`, `student_address`, `student_email`, `student_phone`, `student_pw`, `professor_id`)
VALUES
('20230001', '최지훈', '030101-3123456', '서울시 강남구', 'jhchoi@naver.com', '010-9001-0001', 'pw1234', 'P0001'), -- C007 신청 시 중복, 성적 우수
('20230002', '한유진', '020202-4123456', '서울시 송파구', 'yjhan@naver.com', '010-9002-0002', 'pw1234', 'P0001'),
('20230003', '정다은', '010303-3123456', '서울시 마포구', 'dejeong@naver.com', '010-9003-0003', 'pw1234', 'P0002'),
('20230004', '오세훈', '000404-1123456', '서울시 서대문구', 'shoh@naver.com', '010-9004-0004', 'pw1234', 'P0003'),
('20230005', '윤하늘', '990505-2123456', '서울시 노원구', 'haneul@naver.com', '010-9005-0005', 'pw1234', 'P0002'),
('20230006', '김철수', '030606-3111111', '서울시 동작구', 'cs@naver.com', '010-9006-0006', 'pw1234', 'P0001'),
('20230007', '박영희', '030707-4222222', '서울시 은평구', 'yh@naver.com', '010-9007-0007', 'pw1234', 'P0002'),
('20230008', '이민호', '030808-3333333', '서울시 용산구', 'mh@naver.com', '010-9008-0008', 'pw1234', 'P0003'),
('20230009', '강수진', '030909-4444444', '서울시 강동구', 'sj@naver.com', '010-9009-0009', 'pw1234', 'P0001'), -- 성적 경고
('20230010', '임재범', '031010-3555555', '서울시 서초구', 'jb@naver.com', '010-9010-0010', 'pw1234', 'P0002'),
('20230011', '조현아', '031111-4666666', '서울시 강북구', 'ha@naver.com', '010-9011-0011', 'pw1234', 'P0003'),
('20230012', '신동엽', '031212-3777777', '서울시 도봉구', 'dy@naver.com', '010-9012-0012', 'pw1234', 'P0001'), -- C006 신청 시 수강 정원 초과
('20230013', '유재석', '030113-3888888', '서울시 관악구', 'js@naver.com', '010-9013-0013', 'pw1234', 'P0002'),
('20230014', '강호동', '030214-3999999', '서울시 금천구', 'hd@naver.com', '010-9014-0014', 'pw1234', 'P0003'),
('20230015', '김희철', '030315-3101010', '서울시 중랑구', 'hc@naver.com', '010-9015-0015', 'pw1234', 'P0001'), -- C006 신청 시 중복
('20230016', '송지효', '030416-4111111', '서울시 성북구', 'jh@naver.com', '010-9016-0016', 'pw1234', 'P0002'), -- C006 신청 시 중복
('20230017', '이광수', '030517-3121212', '서울시 종로구', 'ks@naver.com', '010-9017-0017', 'pw1234', 'P0003'), -- C006 신청 시 중복
('20230018', '전소민', '030618-4131313', '서울시 영등포구', 'sm@naver.com', '010-9018-0018', 'pw1234', 'P0001'),
('20230019', '하동훈', '030719-3141414', '서울시 양천구', 'dh@naver.com', '010-9019-0019', 'pw1234', 'P0002'),
('20230020', '양세찬', '030820-3151515', '서울시 구로구', 'sc@naver.com', '010-9020-0020', 'pw1234', 'P0003');


-- 사용자 더미데이터
INSERT INTO `사용자`
(`user_id`, `user_name`, `student_id`, `professor_id`)
VALUES
-- 교수 데이터 (3명)
('P0001', '김민수', NULL, 'P0001'),
('P0002', '이서연', NULL, 'P0002'),
('P0003', '박준호', NULL, 'P0003'),
-- 학생 데이터 (20명)
('20230001', '최지훈', '20230001', NULL),
('20230002', '한유진', '20230002', NULL),
('20230003', '정다은', '20230003', NULL),
('20230004', '오세훈', '20230004', NULL),
('20230005', '윤하늘', '20230005', NULL),
('20230006', '김철수', '20230006', NULL),
('20230007', '박영희', '20230007', NULL),
('20230008', '이민호', '20230008', NULL),
('20230009', '강수진', '20230009', NULL),
('20230010', '임재범', '20230010', NULL),
('20230011', '조현아', '20230011', NULL),
('20230012', '신동엽', '20230012', NULL),
('20230013', '유재석', '20230013', NULL),
('20230014', '강호동', '20230014', NULL),
('20230015', '김희철', '20230015', NULL),
('20230016', '송지효', '20230016', NULL),
('20230017', '이광수', '20230017', NULL),
('20230018', '전소민', '20230018', NULL),
('20230019', '하동훈', '20230019', NULL),
('20230020', '양세찬', '20230020', NULL);

-- 강의 더미데이터
INSERT INTO `강의`
(`class_no`, `class_name`, `class_point`, `class_time`, `class_room`, `class_type`, `professor_id`, `class_task`, `class_capacity`)
VALUES
('C001', '자바프로그래밍', 3.0, '월1-2', 'A101', '전공', 'P0001', '자바 콘솔 기반 LMS 기능 구현', 20),
('C002', '데이터베이스', 3.0, '화3-4', 'B201', '전공', 'P0002', 'ERD 설계 및 SQL 실습 과제', 20),
('C003', '웹프로그래밍', 3.0, '수5-6', 'C301', '전공', 'P0001', 'HTML/CSS 화면 구현 과제', 20),
('C004', '인공지능개론', 2.0, '목2-3', 'D401', '전공', 'P0003', '머신러닝 모델 조사 보고서', 20),
('C005', '교양영어', 2.0, '금1-2', 'E101', '교양', 'P0002', '영어 발표 자료 준비', 20),
('C006', '파이썬입문', 3.0, '월1-2', 'A102', '교양', 'P0001', '파이썬 기초 문법 익히기', 10),
('C007', '알고리즘', 3.0, '화3-4', 'B202', '교양', 'P0002', '정렬 알고리즘 구현 과제', 15),
('C008', '오픈소스실무', 3.0, '월1-2', 'A103', '교양', 'P0003', '깃허브 프로젝트 제출', 20);

-- 수강 더미데이터
INSERT INTO `수강`
(`student_id`, `class_no`, `enroll_date`, `score`, `status`)
VALUES
('20230001', 'C006', '2026-03-02 09:01:22', 4.0, 1),
('20230002', 'C006', '2026-03-02 09:05:45', 3.5, 1),
('20230003', 'C006', '2026-03-02 09:12:10', 4.5, 1),
('20230004', 'C006', '2026-03-02 09:15:33', 4.0, 1),
('20230005', 'C006', '2026-03-02 09:22:01', 3.0, 1),
('20230006', 'C006', '2026-03-02 09:30:15', 4.5, 1),
('20230007', 'C006', '2026-03-02 09:41:50', 3.5, 1),
('20230008', 'C006', '2026-03-02 09:48:12', 4.0, 1),
('20230009', 'C006', '2026-03-02 09:55:04', 1.0, 1),
('20230010', 'C006', '2026-03-02 10:02:44', 4.5, 1),


-- 기타 수강 내역 (날짜 분산)
('20230001', 'C002', '2026-03-02 10:20:00', 4.5, 1),
('20230002', 'C003', '2026-03-02 10:25:30', 3.0, 1),
('20230003', 'C005', '2026-03-02 10:32:11', 4.0, 1),
('20230011', 'C007', '2026-03-02 10:15:19', NULL, 1), -- 성적 미입력
('20230015', 'C001', '2026-03-02 10:45:55', NULL, 1),
('20230016', 'C001', '2026-03-02 10:50:02', NULL, 1),
('20230017', 'C001', '2026-03-02 11:02:18', NULL, 1);

-- 20230001 최지훈: C007 신청 시 중복, 성적 우수(25학점까지 신청 가능)
-- 20230009 강수진: 성적 경고(10학점까지 신청 가능)
-- 20230012 신동엽: C006 신청 시 수강 정원 초과, 성적 미보유자(20학점 신청 가능)
-- 20230015 김희철: C008 신청 시 중복