-- 교수 더미데이터
INSERT INTO `교수`
(`professor_id`, `professor_name`, `professor_no`, `professor_address`, `professor_email`, `professor_phone`, `professor_pw`)
VALUES
('P001', '김민수', '700101-1234567', '서울시 광진구', 'minsu@univ.ac.kr', '010-1111-1111', 'pw1234'),
('P002', '이서연', '720305-2234567', '서울시 성동구', 'seoyeon@univ.ac.kr', '010-2222-2222', 'pw1234'),
('P003', '박준호', '750912-1234567', '서울시 동대문구', 'junho@univ.ac.kr', '010-3333-3333', 'pw1234');


-- 학생 더미데이터
INSERT INTO `학생`
(`student_id`, `student_name`, `student_no`, `student_address`, `student_email`, `student_phone`, `student_pw`, `professor_id`)
VALUES
('S001', '최지훈', '030101-3123456', '서울시 강남구', 'jhchoi@naver.com', '010-9001-0001', 'pw1234', 'P001'),
('S002', '한유진', '020202-4123456', '서울시 송파구', 'yjhan@naver.com', '010-9002-0002', 'pw1234', 'P001'),
('S003', '정다은', '010303-3123456', '서울시 마포구', 'dejeong@naver.com', '010-9003-0003', 'pw1234', 'P002'),
('S004', '오세훈', '000404-1123456', '서울시 서대문구', 'shoh@naver.com', '010-9004-0004', 'pw1234', 'P003'),
('S005', '윤하늘', '990505-2123456', '서울시 노원구', 'haneul@naver.com', '010-9005-0005', 'pw1234', 'P002');


-- 사용자 더미데이터
INSERT INTO `사용자`
(`user_id`, `user_name`, `student_id`, `professor_id`)
VALUES
('U001', '김민수', NULL, 'P001'),
('U002', '이서연', NULL, 'P002'),
('U003', '박준호', NULL, 'P003'),
('U101', '최지훈', 'S001', NULL),
('U102', '한유진', 'S002', NULL),
('U103', '정다은', 'S003', NULL),
('U104', '오세훈', 'S004', NULL),
('U105', '윤하늘', 'S005', NULL);


-- 강의 더미데이터
INSERT INTO `강의`
(`class_no`, `class_name`, `class_point`, `class_time`, `class_room`, `class_type`, `professor_id`, `class_task`, `class_capacity`)
VALUES
('C001', '자바프로그래밍', 3.0, '월1,2', 'A101', '전필', 'P001', '자바 콘솔 기반 LMS 기능 구현', 30),
('C002', '데이터베이스', 3.0, '화3,4', 'B201', '전필', 'P002', 'ERD 설계 및 SQL 실습 과제', 35),
('C003', '웹프로그래밍', 3.0, '수5,6', 'C301', '전선', 'P001', 'HTML/CSS 화면 구현 과제', 40),
('C004', '인공지능개론', 2.0, '목2,3', 'D401', '전선', 'P003', '머신러닝 모델 조사 보고서', 25),
('C005', '교양영어', 2.0, '금1,2', 'E101', '교양', 'P002', '영어 발표 자료 준비', 50);


-- 수강 더미데이터
INSERT INTO `수강`
(`student_id`, `class_no`, `enroll_date`, `score`, `status`)
VALUES
('S001', 'C001', '2026-03-02 09:00:00', 95.50, 1),
('S001', 'C002', '2026-03-02 09:10:00', 88.00, 1),
('S001', 'C004', '2026-03-02 09:20:00', 91.25, 1),

('S002', 'C001', '2026-03-02 09:05:00', 82.00, 1),
('S002', 'C003', '2026-03-02 09:15:00', 79.50, 1),
('S002', 'C005', '2026-03-02 09:25:00', 85.00, 1),

('S003', 'C002', '2026-03-02 09:30:00', 90.00, 1),
('S003', 'C004', '2026-03-02 09:40:00', 87.75, 1),

('S004', 'C003', '2026-03-02 09:45:00', 76.00, 1),
('S004', 'C005', '2026-03-02 09:50:00', 89.50, 1),

('S005', 'C001', '2026-03-02 10:00:00', 68.00, 0),
('S005', 'C002', '2026-03-02 10:10:00', 72.50, 1);


-- 메시지 더미데이터
INSERT INTO `메시지`
(`user_id`, `content`, `receiver_id`, `id`)
VALUES
('U001', '최지훈 학생은 자바프로그래밍 과제를 이번 주 일요일까지 제출하세요.', 'U101', 1),
('U101', '교수님, 자바 과제에서 회원가입 기능 관련 질문이 있습니다.', 'U001', 2),
('U002', '데이터베이스 중간고사 범위를 LMS 공지사항에 업로드했습니다.', 'U103', 3),
('U103', '확인했습니다 교수님. 시험 범위 관련 추가 공지가 있을까요?', 'U002', 4),
('U104', '웹프로그래밍 팀플 하실 분 있으면 연락 주세요.', 'U102', 5),
('U102', '저 참여하고 싶습니다. 프론트 화면 맡아도 될까요?', 'U104', 6),
('U003', '인공지능개론 발표 순서는 다음 주 수업 전에 공지하겠습니다.', 'U105', 7),
('U105', '네 교수님, 발표 주제 먼저 정해서 보내드리겠습니다.', 'U003', 8),
('U001', '한유진 학생, 자바 수업 출석이 누락되어 확인 바랍니다.', 'U102', 9),
('U102', '교수님, 출석체크 당시 네트워크 오류가 있었습니다. 확인 부탁드립니다.', 'U001', 10);